name	class	cnt	
name_0	class_0	cnt_1	
name_1	class_2	cnt_1	
name_0	class_1	cnt_0	
name_2	class_0	cnt_0	
name_2	class_0	cnt_2	
name_1	class_2	cnt_1	
name_2	class_0	cnt_0	
name_0	class_0	cnt_2	
name_1	class_2	cnt_1	
name_2	class_2	cnt_1	
name_0	class_0	cnt_1	
name_1	class_2	cnt_0	
name_0	class_2	cnt_0	
name_0	class_0	cnt_2	
name_2	class_1	cnt_1	
name_0	class_1	cnt_0	
name_0	class_2	cnt_2	
name_2	class_0	cnt_0	
name_1	class_2	cnt_1	
name_0	class_1	cnt_2	
name_0	class_2	cnt_2	
name_2	class_0	cnt_0	
name_1	class_2	cnt_0	
name_0	class_1	cnt_0	
name_0	class_2	cnt_1	
name_0	class_2	cnt_1	
name_0	class_1	cnt_2	
name_0	class_2	cnt_1	
name_0	class_0	cnt_1	
name_0	class_1	cnt_0	
name_1	class_1	cnt_2	
name_1	class_0	cnt_1	
name_2	class_2	cnt_1	
name_2	class_0	cnt_2	
name_2	class_2	cnt_0	
name_1	class_1	cnt_1	
name_0	class_1	cnt_2	
name_0	class_2	cnt_1	
name_1	class_1	cnt_2	
name_1	class_0	cnt_2	
name_2	class_1	cnt_2	
name_2	class_2	cnt_2	
name_2	class_0	cnt_2	
name_2	class_2	cnt_1	
name_0	class_1	cnt_1	
name_1	class_0	cnt_1	
name_1	class_0	cnt_1	
name_2	class_2	cnt_1	
name_2	class_1	cnt_1	
name_0	class_2	cnt_1	
name_0	class_0	cnt_0	
name_0	class_0	cnt_0	
name_1	class_0	cnt_1	
name_2	class_0	cnt_0	
name_2	class_0	cnt_0	
name_0	class_2	cnt_1	
name_1	class_2	cnt_2	
name_1	class_2	cnt_0	
name_0	class_1	cnt_0	
name_0	class_2	cnt_1	
name_1	class_1	cnt_0	
name_0	class_2	cnt_1	
name_1	class_2	cnt_1	
name_2	class_1	cnt_2	
name_1	class_1	cnt_0	
name_1	class_0	cnt_2	
name_0	class_2	cnt_2	
name_2	class_1	cnt_1	
name_2	class_2	cnt_2	
name_1	class_1	cnt_2	
name_2	class_1	cnt_0	
name_2	class_1	cnt_1	
name_1	class_2	cnt_2	
name_1	class_0	cnt_2	
name_0	class_1	cnt_0	
name_1	class_1	cnt_0	
name_2	class_1	cnt_0	
name_1	class_2	cnt_2	
name_1	class_2	cnt_0	
name_1	class_2	cnt_1	
name_0	class_0	cnt_2	
name_2	class_2	cnt_2	
name_0	class_1	cnt_1	
name_0	class_1	cnt_1	
name_1	class_1	cnt_1	
name_0	class_1	cnt_2	
name_2	class_2	cnt_1	
name_1	class_1	cnt_1	
name_0	class_1	cnt_1	
name_1	class_2	cnt_0	
name_2	class_2	cnt_1	
name_0	class_2	cnt_0	
name_2	class_0	cnt_0	
name_2	class_1	cnt_2	
name_2	class_1	cnt_1	
name_0	class_0	cnt_2	
name_2	class_0	cnt_1	
name_1	class_1	cnt_2	
name_1	class_0	cnt_0	
name_0	class_0	cnt_0	
